lat,lng,ele
22.431511,114.104850,54.60
22.431505,114.104967,54.70
22.431492,114.105103,54.70
22.431485,114.105232,54.80
22.431471,114.105378,54.90
22.431459,114.105526,55.10
22.431449,114.105681,55.40
22.431438,114.105847,55.80
22.431428,114.106010,56.30
22.431439,114.106173,56.10
22.431478,114.106337,56.50
22.431527,114.106498,57.20
22.431591,114.106659,58.20
22.431648,114.106809,59.10
22.431684,114.106972,60.00
22.431700,114.107132,61.00
22.431694,114.107294,62.00
22.431663,114.107452,63.10
22.431626,114.107603,64.00
22.431580,114.107753,65.00
22.431526,114.107904,66.00
22.431475,114.108060,67.20
22.431430,114.108221,68.60
22.431407,114.108393,70.00
22.431409,114.108562,71.50
22.431433,114.108726,72.90
22.431459,114.108895,74.50
22.431533,114.109029,75.90
22.431626,114.109156,77.40
22.431733,114.109273,79.40
22.431832,114.109374,81.50
22.431903,114.109497,83.80
22.431950,114.109627,86.00
22.431981,114.109766,88.00
22.432013,114.109914,89.50
22.432039,114.110072,91.20
22.432069,114.110241,93.20
22.432116,114.110406,95.50
22.432177,114.110560,97.70
22.432247,114.110709,100.00
22.432327,114.110855,102.30
22.432410,114.111013,104.80
22.432478,114.111174,107.30
22.432532,114.111342,109.80
22.432577,114.111511,112.50
22.432622,114.111688,115.20
22.432669,114.111864,117.90
22.432702,114.112042,120.50
22.432714,114.112218,123.10
22.432708,114.112386,125.60
22.432689,114.112552,127.80
22.432673,114.112723,130.10
22.432654,114.112886,132.20
22.432636,114.113053,134.40
22.432621,114.113224,136.60
22.432604,114.113401,138.90
22.432586,114.113575,141.20
22.432578,114.113755,143.30
22.432577,114.113940,145.40
22.432589,114.114123,147.50
22.432606,114.114304,149.80
22.432628,114.114472,151.80
22.432640,114.114643,153.90
22.432665,114.114808,155.90
22.432725,114.114950,157.90
22.432801,114.115082,159.70
22.432884,114.115202,161.50
22.432966,114.115318,163.30
22.433037,114.115443,165.10
22.433095,114.115572,167.00
22.433131,114.115696,168.80
22.433167,114.115806,170.50
22.433205,114.115910,172.10
22.433228,114.115999,173.30
22.433246,114.116073,174.10
22.433265,114.116145,174.80
22.433276,114.116212,175.20
22.433292,114.116268,175.40
22.433304,114.116326,175.50
22.433321,114.116377,175.40
22.433334,114.116423,175.20
22.433346,114.116475,174.80
22.433358,114.116519,174.50
22.433372,114.116561,174.10
22.433384,114.116612,173.60
22.433390,114.116666,173.00
22.433406,114.116712,172.50
22.433422,114.116762,171.90
22.433435,114.116816,171.30
22.433449,114.116875,170.70
22.433460,114.116935,170.10
22.433472,114.116996,169.60
22.433482,114.117058,169.00
22.433494,114.117118,168.40
22.433507,114.117183,167.90
22.433521,114.117247,167.50
22.433538,114.117308,167.10
22.433562,114.117362,166.70
22.433588,114.117412,166.40
22.433618,114.117460,166.10
22.433649,114.117506,166.00
22.433681,114.117552,165.80
22.433715,114.117597,165.70
22.433746,114.117640,165.20
22.433779,114.117681,164.80
22.433814,114.117724,164.30
22.433850,114.117766,163.90
22.433878,114.117819,163.40
22.433908,114.117872,162.80
22.433939,114.117914,162.40
22.433973,114.117948,161.90
22.434002,114.117990,161.50
22.434034,114.118030,161.00
22.434068,114.118074,160.40
22.434102,114.118119,159.90
22.434135,114.118154,159.50
22.434169,114.118181,159.00
22.434197,114.118217,158.50
22.434225,114.118259,158.00
22.434254,114.118297,157.50
22.434281,114.118330,157.00
22.434309,114.118362,156.50
22.434339,114.118402,155.90
22.434364,114.118447,155.30
22.434391,114.118487,154.70
22.434421,114.118517,154.20
22.434447,114.118545,153.70
22.434477,114.118577,153.10
22.434507,114.118611,152.50
22.434535,114.118640,152.00
22.434563,114.118679,151.40
22.434591,114.118713,150.80
22.434618,114.118743,150.30
22.434646,114.118774,149.80
22.434674,114.118811,149.20
22.434698,114.118851,148.60
22.434725,114.118883,148.10
22.434759,114.118915,147.50
22.434783,114.118949,147.00
22.434808,114.118984,146.50
22.434834,114.119018,146.00
22.434864,114.119048,145.50
22.434895,114.119077,144.90
22.434920,114.119105,144.50
22.434952,114.119131,143.90
22.434980,114.119164,143.40
22.435011,114.119195,142.80
22.435041,114.119222,142.30
22.435062,114.119251,141.90
22.435084,114.119280,141.40
22.435108,114.119308,140.90
22.435135,114.119331,140.50
22.435163,114.119354,140.00
22.435193,114.119383,139.50
22.435223,114.119403,139.00
22.435249,114.119430,138.60
22.435272,114.119455,138.10
22.435300,114.119484,137.60
22.435332,114.119510,137.10
22.435354,114.119542,136.60
22.435376,114.119578,136.10
22.435404,114.119605,135.70
22.435432,114.119635,135.20
22.435458,114.119675,134.60
22.435482,114.119709,134.10
22.435510,114.119738,133.60
22.435536,114.119767,133.20
22.435567,114.119796,132.70
22.435593,114.119825,132.20
22.435619,114.119853,131.80
22.435639,114.119883,131.40
22.435672,114.119916,130.80
22.435704,114.119941,130.40
22.435734,114.119972,129.90
22.435759,114.119997,129.40
22.435774,114.120023,129.10
22.435803,114.120050,128.60
22.435823,114.120077,128.20
22.435848,114.120106,127.70
22.435876,114.120141,127.20
22.435902,114.120177,126.70
22.435927,114.120212,126.20
22.435948,114.120237,125.80
22.435973,114.120265,125.30
22.436000,114.120296,124.80
22.436026,114.120325,124.40
22.436057,114.120353,123.90
22.436085,114.120381,123.40
22.436110,114.120413,122.90
22.436136,114.120437,122.50
22.436160,114.120468,122.10
22.436191,114.120502,121.50
22.436219,114.120533,121.10
22.436245,114.120562,120.60
22.436272,114.120593,120.10
22.436302,114.120624,119.70
22.436333,114.120656,119.20
22.436362,114.120685,118.70
22.436393,114.120715,118.20
22.436419,114.120750,117.70
22.436444,114.120782,117.30
22.436471,114.120812,116.90
22.436500,114.120844,116.40
22.436530,114.120877,115.90
22.436557,114.120914,115.50
22.436579,114.120948,115.00
22.436602,114.120975,114.60
22.436633,114.121007,114.10
22.436660,114.121043,113.60
22.436685,114.121071,113.20
22.436714,114.121098,112.70
22.436744,114.121123,112.30
22.436779,114.121150,111.80
22.436813,114.121179,111.20
22.436848,114.121212,110.70
22.436880,114.121238,110.20
22.436919,114.121275,109.60
22.436960,114.121312,108.90
22.436999,114.121354,108.30
22.437042,114.121391,107.80
22.437085,114.121433,107.30
22.437129,114.121477,106.70
22.437177,114.121520,106.20
22.437224,114.121560,105.80
22.437273,114.121600,105.30
22.437325,114.121641,104.90
22.437374,114.121684,104.50
22.437424,114.121731,104.10
22.437476,114.121775,103.70
22.437533,114.121817,103.30
22.437587,114.121862,102.90
22.437642,114.121906,102.50
22.437688,114.121954,102.10
22.437739,114.121997,101.70
22.437791,114.122041,101.30
22.437844,114.122088,100.90
22.437899,114.122135,100.40
22.437957,114.122182,99.90
22.438019,114.122235,99.30
22.438079,114.122286,98.70
22.438142,114.122341,98.20
22.438208,114.122394,97.60
22.438275,114.122447,97.00
22.438341,114.122505,96.50
22.438413,114.122567,95.90
22.438485,114.122644,95.50
22.438557,114.122708,95.10
22.438624,114.122784,94.80
22.438690,114.122870,94.70
22.438756,114.122956,94.60
22.438819,114.123043,94.70
22.438879,114.123128,94.80
22.438944,114.123208,94.90
22.439006,114.123285,95.20
22.439070,114.123361,95.50
22.439131,114.123435,95.80
22.439203,114.123499,95.30
22.439285,114.123554,95.10
22.439362,114.123604,95.40
22.439437,114.123660,95.40
22.439507,114.123716,95.40
22.439578,114.123770,95.50
22.439646,114.123828,95.50
22.439711,114.123887,95.50
22.439767,114.123943,95.50
22.439820,114.124003,95.40
22.439867,114.124061,95.40
22.439913,114.124114,95.30
22.439954,114.124172,95.20
22.439998,114.124234,95.10
22.440033,114.124296,94.90
22.440065,114.124354,94.70
22.440090,114.124417,94.50
22.440107,114.124479,94.30
22.440127,114.124540,94.00
22.440151,114.124603,93.70
22.440168,114.124667,93.50
22.440179,114.124733,93.10
22.440190,114.124798,92.80
22.440203,114.124863,92.40
22.440215,114.124932,92.00
22.440225,114.124996,91.60
22.440232,114.125058,91.20
22.440237,114.125125,90.70
22.440246,114.125191,90.30
22.440256,114.125258,89.80
22.440269,114.125331,89.30
22.440280,114.125403,88.80
22.440293,114.125478,88.30
22.440305,114.125551,87.80
22.440315,114.125630,87.30
22.440328,114.125714,86.80
22.440341,114.125801,86.20
22.440348,114.125891,85.70
22.440359,114.125986,85.20
22.440372,114.126078,84.80
22.440386,114.126175,84.40
22.440406,114.126270,84.30
22.440429,114.126365,84.20
22.440459,114.126452,84.10
22.440497,114.126543,84.10
22.440541,114.126633,84.10
22.440589,114.126718,84.10
22.440645,114.126800,84.20
22.440707,114.126881,84.10
22.440769,114.126952,84.10
22.440837,114.127019,84.00
22.440907,114.127080,84.00
22.440976,114.127138,84.00
22.441046,114.127194,84.00
22.441122,114.127250,84.00
22.441190,114.127305,84.00
22.441259,114.127359,84.00
22.441321,114.127410,84.10
22.441387,114.127462,84.00
22.441449,114.127511,84.00
22.441508,114.127561,84.00
22.441568,114.127608,83.90
22.441628,114.127653,83.80
22.441684,114.127700,83.60
22.441734,114.127742,83.30
22.441785,114.127780,83.10
22.441832,114.127823,82.80
22.441876,114.127859,82.60
22.441918,114.127896,82.40
22.441961,114.127931,82.00
22.442007,114.127966,81.60
22.442051,114.127996,81.20
22.442093,114.128028,80.80
22.442136,114.128063,80.30
22.442179,114.128098,79.90
22.442220,114.128135,79.40
22.442266,114.128172,79.00
22.442306,114.128204,78.50
22.442352,114.128233,78.10
22.442393,114.128262,77.70
22.442438,114.128289,77.30
22.442481,114.128315,76.80
22.442519,114.128337,76.40
22.442562,114.128369,76.00
22.442602,114.128400,75.50
22.442639,114.128430,75.10
22.442678,114.128460,74.60
22.442717,114.128486,74.10
22.442755,114.128516,73.70
22.442799,114.128547,73.20
22.442838,114.128580,72.70
22.442875,114.128609,72.30
22.442916,114.128641,71.80
22.442954,114.128677,71.30
22.442994,114.128717,70.70
22.443034,114.128755,70.20
22.443069,114.128794,69.70
22.443104,114.128835,69.20
22.443136,114.128872,68.80
22.443166,114.128909,68.30
22.443198,114.128952,67.80
22.443232,114.128993,67.30
22.443264,114.129036,66.80
22.443293,114.129084,66.40
22.443328,114.129133,66.00
22.443363,114.129183,65.60
22.443398,114.129240,65.10
22.443429,114.129302,64.40
22.443464,114.129361,63.80
22.443506,114.129423,63.20
22.443545,114.129488,62.70
22.443586,114.129552,62.20
22.443632,114.129620,61.70
22.443681,114.129686,61.30
22.443730,114.129753,60.90
22.443779,114.129823,60.60
22.443829,114.129895,60.20
22.443879,114.129968,59.90
22.443930,114.130040,59.60
22.443984,114.130115,59.30
22.444032,114.130192,59.10
22.444081,114.130271,58.90
22.444129,114.130349,58.80
22.444177,114.130427,58.60
22.444228,114.130504,58.40
22.444274,114.130587,58.20
22.444326,114.130668,57.90
22.444376,114.130751,57.70
22.444428,114.130831,57.50
22.444481,114.130910,57.20
22.444534,114.130987,57.00
22.444591,114.131062,56.80
22.444650,114.131137,56.60
22.444710,114.131215,56.40
22.444767,114.131289,56.20
22.444823,114.131366,56.00
22.444886,114.131442,55.80
22.444943,114.131514,55.60
22.445005,114.131584,55.40
22.445066,114.131654,55.20
22.445130,114.131723,55.00
22.445194,114.131793,54.70
22.445259,114.131859,54.50
22.445325,114.131930,54.20
22.445392,114.131999,53.90
22.445460,114.132068,53.70
22.445523,114.132129,53.50
22.445589,114.132191,53.30
22.445658,114.132252,53.00
22.445726,114.132313,52.80
22.445799,114.132383,52.50
22.445868,114.132450,52.30
22.445940,114.132514,52.10
22.446012,114.132582,51.80
22.446079,114.132647,51.70
22.446151,114.132711,51.50
22.446225,114.132777,51.30
22.446298,114.132841,51.20
22.446368,114.132906,51.00
22.446438,114.132969,50.80
22.446511,114.133033,50.60
22.446583,114.133099,50.40
22.446653,114.133162,50.20
22.446726,114.133227,49.90
22.446798,114.133294,49.70
22.446868,114.133356,49.50
22.446943,114.133424,49.20
22.447019,114.133491,49.00
22.447094,114.133558,48.70
22.447166,114.133628,48.50
22.447243,114.133688,48.30
22.447318,114.133756,48.10
22.447395,114.133823,47.90
22.447469,114.133889,47.70
22.447543,114.133953,47.50
22.447619,114.134026,47.30
22.447697,114.134095,47.10
22.447774,114.134158,46.90
22.447855,114.134223,46.60
22.447935,114.134294,46.40
22.448017,114.134363,46.20
22.448092,114.134438,46.00
22.448172,114.134509,45.70
22.448257,114.134585,45.50
22.448335,114.134654,45.30
22.448415,114.134726,45.10
22.448496,114.134801,44.80
22.448584,114.134871,44.50
22.448668,114.134943,44.20
22.448752,114.135026,43.90
22.448837,114.135108,43.70
22.448919,114.135190,43.40
22.448998,114.135277,43.10
22.449075,114.135365,42.80
22.449154,114.135451,42.50
22.449236,114.135539,42.20
22.449316,114.135629,42.00
22.449399,114.135724,41.80
22.449474,114.135819,41.60
22.449553,114.135923,41.40
22.449628,114.136024,41.30
22.449702,114.136131,41.30
22.449771,114.136242,41.40
22.449838,114.136356,41.60
22.449898,114.136466,41.80
22.449967,114.136581,42.10
22.450031,114.136690,42.50
22.450093,114.136796,42.80
22.450153,114.136897,43.10
22.450213,114.137006,43.50
22.450268,114.137109,43.80
22.450322,114.137211,44.10
22.450372,114.137316,44.40
22.450427,114.137418,44.80
22.450481,114.137516,44.90
22.450534,114.137609,45.00
22.450588,114.137703,45.10
22.450640,114.137794,45.10
22.450696,114.137884,45.00
22.450751,114.137975,45.00
22.450803,114.138066,44.90
22.450859,114.138157,44.90
22.450915,114.138246,44.80
22.450969,114.138337,44.80
22.451020,114.138431,44.70
22.451074,114.138522,44.60
22.451130,114.138612,44.60
22.451185,114.138704,44.50
22.451239,114.138795,44.40
22.451291,114.138886,44.30
22.451343,114.138972,44.30
22.451398,114.139062,44.20
22.451452,114.139151,44.20
22.451508,114.139241,44.20
22.451564,114.139330,44.10
22.451619,114.139419,44.10
22.451673,114.139506,44.10
22.451730,114.139594,44.00
22.451784,114.139680,44.00
22.451839,114.139759,44.00
22.451904,114.139834,44.00
22.451967,114.139905,43.90
22.452035,114.139972,43.80
22.452107,114.140034,43.60
22.452181,114.140091,43.40
22.452259,114.140142,43.30
22.452339,114.140191,43.10
22.452419,114.140232,43.00
22.452502,114.140270,43.00
22.452590,114.140298,42.90
22.452672,114.140319,42.80
22.452755,114.140337,42.70
22.452836,114.140359,42.60
22.452921,114.140381,42.50
22.453006,114.140402,42.40
22.453083,114.140426,42.30
22.453167,114.140453,42.30
22.453249,114.140477,42.20
22.453326,114.140507,42.10
22.453399,114.140545,42.10
22.453478,114.140583,42.10
22.453552,114.140622,42.00
22.453619,114.140666,41.90
22.453683,114.140713,41.80
22.453746,114.140763,41.70
22.453810,114.140810,41.70
22.453870,114.140851,41.60
22.453929,114.140893,41.60
22.453982,114.140930,41.60
22.454031,114.140967,41.60
22.454067,114.141009,41.50
22.454109,114.141051,41.50
22.454146,114.141094,41.50
22.454185,114.141141,41.50
22.454219,114.141189,41.50
22.454251,114.141235,41.50
22.454278,114.141274,41.50
22.454303,114.141308,41.50
22.454323,114.141342,41.40
22.454353,114.141384,41.40
22.454393,114.141435,41.40
22.454438,114.141497,41.40
22.454493,114.141564,41.40
22.454554,114.141638,41.40
22.454617,114.141718,41.40
22.454677,114.141795,41.40
22.454746,114.141868,41.40
22.454818,114.141935,41.30
22.454891,114.141995,41.30
22.454967,114.142048,41.30
22.455043,114.142095,41.30
22.455121,114.142141,41.30
22.455199,114.142185,41.30
22.455273,114.142230,41.30
22.455347,114.142272,41.40
22.455420,114.142309,41.40
22.455486,114.142350,41.40
22.455548,114.142393,41.40
22.455608,114.142438,41.30
22.455670,114.142481,41.30
22.455728,114.142525,41.20
22.455787,114.142568,41.00
22.455844,114.142608,40.90
22.455901,114.142644,40.70
22.455955,114.142683,40.50
22.456003,114.142720,40.30
22.456052,114.142753,40.00
22.456101,114.142789,39.70
22.456150,114.142824,39.30
22.456197,114.142856,39.00
22.456244,114.142889,38.70
22.456292,114.142924,38.30
22.456339,114.142960,38.00
22.456387,114.142995,37.60
22.456434,114.143029,37.20
22.456482,114.143059,36.90
22.456529,114.143093,36.50
22.456575,114.143127,36.20
22.456619,114.143164,35.80
22.456669,114.143201,35.50
22.456717,114.143241,35.10
22.456764,114.143283,34.70
22.456809,114.143324,34.40
22.456852,114.143368,34.00
22.456894,114.143410,33.60
22.456935,114.143452,33.30
22.456978,114.143501,32.90
22.457016,114.143551,32.50
22.457054,114.143600,32.20
22.457090,114.143653,31.80
22.457129,114.143706,31.50
22.457165,114.143764,31.10
22.457197,114.143825,30.70
22.457231,114.143887,30.30
22.457258,114.143949,29.90
22.457285,114.144010,29.50
22.457312,114.144071,29.10
22.457341,114.144138,28.70
22.457369,114.144200,28.30
22.457398,114.144265,27.90
22.457430,114.144331,27.50
22.457462,114.144398,27.10
22.457489,114.144465,26.80
22.457519,114.144535,26.40
22.457549,114.144604,26.10
22.457584,114.144672,25.70
22.457625,114.144741,25.20
22.457668,114.144804,24.80
22.457719,114.144863,24.40
22.457775,114.144920,24.00
22.457834,114.144974,23.70
22.457901,114.145025,23.30
22.457968,114.145065,23.00
22.458046,114.145105,22.60
22.458122,114.145137,22.30
22.458202,114.145171,22.00
22.458284,114.145208,21.70
22.458367,114.145245,21.40
22.458454,114.145282,21.20
22.458534,114.145315,21.10
22.458612,114.145352,20.90
22.458695,114.145389,20.80
22.458776,114.145427,20.70
22.458857,114.145464,20.60
22.458928,114.145499,20.60
22.459001,114.145531,20.60
22.459072,114.145564,20.60
22.459140,114.145597,20.50
22.459208,114.145631,20.50
22.459273,114.145664,20.50
22.459329,114.145693,20.50
22.459375,114.145718,20.40
22.459421,114.145744,20.40
22.459463,114.145769,20.40
22.459500,114.145794,20.30
22.459532,114.145819,20.30
22.459559,114.145848,20.30
22.459590,114.145867,20.30
22.459629,114.145884,20.30
22.459674,114.145903,20.30
22.459716,114.145927,20.20
22.459762,114.145949,20.20
22.459807,114.145974,20.10
22.459845,114.145997,20.00
22.459879,114.146020,19.90
22.459912,114.146051,19.80
22.459935,114.146087,19.60
22.459954,114.146126,19.50
22.459971,114.146171,19.40
22.459982,114.146218,19.20
22.459985,114.146266,19.10
22.459983,114.146313,19.00
22.459970,114.146363,18.90
22.459953,114.146411,18.80
22.459926,114.146454,18.70
22.459896,114.146494,18.60
22.459863,114.146532,18.50
22.459823,114.146572,18.40
22.459812,114.146628,18.30
22.459820,114.146685,18.30
22.459847,114.146749,18.20
22.459874,114.146812,18.20
22.459920,114.146868,18.10
22.459965,114.146926,18.10
22.460003,114.146982,18.10
22.460044,114.147042,18.00
22.460089,114.147102,18.00
22.460120,114.147166,18.00
22.460162,114.147232,18.00
22.460214,114.147288,18.00
22.460268,114.147333,18.10
22.460320,114.147379,18.20
22.460374,114.147427,18.30
22.460439,114.147456,18.40
22.460511,114.147447,18.60
22.460578,114.147428,18.80
22.460657,114.147400,19.00
22.460727,114.147374,19.30
22.460797,114.147350,19.50
22.460871,114.147324,19.80
22.460935,114.147305,20.10
22.460996,114.147306,20.30
22.461052,114.147329,20.40
22.461108,114.147359,20.50
22.461160,114.147403,20.60
22.461207,114.147455,20.60
22.461252,114.147503,20.60
22.461300,114.147548,20.60
22.461358,114.147596,20.60
22.461433,114.147649,20.60
22.461470,114.147699,20.60
22.461488,114.147753,20.60
22.461497,114.147826,20.70
22.461512,114.147921,20.90
22.461490,114.147997,21.10
22.461456,114.148062,21.20
22.461410,114.148125,21.40
22.461355,114.148178,21.70
22.461294,114.148228,22.00
22.461235,114.148275,22.30
22.461166,114.148310,22.70
22.461093,114.148337,23.10
22.461023,114.148362,23.50
22.460951,114.148386,23.90
22.460879,114.148408,24.30
22.460813,114.148430,24.60
22.460746,114.148450,25.00
22.460685,114.148470,25.10
22.460628,114.148491,25.40
22.460580,114.148521,25.50
22.460540,114.148549,25.50
22.460503,114.148581,25.40
22.460465,114.148613,25.30
22.460429,114.148651,25.10
22.460392,114.148691,25.00
22.460356,114.148734,24.80
22.460322,114.148773,24.70
22.460284,114.148810,24.50
22.460247,114.148848,24.40
22.460217,114.148889,24.20
22.460189,114.148929,24.00
